Stock,Date,Open,High,Low,Close,Adj Close,Volume
AAL,7/1/2019,33.139999,34.990002,30.209999,30.51,30.193249,128999900
AAL,8/1/2019,30.43,30.57,24.23,26.309999,26.03685,168599300
AAL,9/1/2019,26.16,30.34,25.950001,26.969999,26.78388,141809000
AAL,10/1/2019,27.08,31.67,24.51,30.059999,29.852556,193264300
AAL,11/1/2019,30.299999,31.58,27.84,28.74,28.541666,115120700
AAL,12/1/2019,28.790001,29.809999,26.68,28.68,28.574404,133826900
AAL,1/1/2020,28.98,29.299999,25.370001,26.84,26.741179,226705600
AAL,2/1/2020,26.93,30.780001,18.77,19.049999,18.979858,262905900
AAL,3/1/2020,19.049999,19.790001,10.01,12.19,12.19,1304401000
AAL,4/1/2020,11.45,13.4,9.09,12.01,12.01,1750440700
AAL,5/1/2020,11.41,12.55,8.25,10.5,10.5,1374266000
AAL,6/1/2020,10.79,22.799999,10.62,13.07,13.07,3103539000
AAL,7/1/2020,13.48,14.29,10.8,11.12,11.12,1632046000
AAL,8/1/2020,11.07,15.1,10.71,13.05,13.05,1490615900
AAL,9/1/2020,12.86,14.16,11.22,12.29,12.29,1199512900
AAL,10/1/2020,12.45,13.68,10.63,11.28,11.28,1349366200
AAL,11/1/2020,11.32,15.56,10.87,14.13,14.13,1700021700
AAL,12/1/2020,14.42,18.629999,13.85,15.77,15.77,1859647300
AAL,1/1/2021,15.85,21.77,14.71,17.17,17.17,1444224200
AAL,2/1/2021,17.25,22.440001,16.33,20.940001,20.940001,892994900
AAL,3/1/2021,21.75,26.09,18.940001,23.9,23.9,1077197000
AAL,4/1/2021,24.02,24.85,19.639999,21.719999,21.719999,740659000
AAL,5/1/2021,21.870001,24.82,20.620001,24.24,24.24,675687600
AAL,6/1/2021,24.68,26.040001,20.940001,21.209999,21.209999,617245100
AAL,7/1/2021,21.469999,22.16,18.280001,20.379999,20.379999,687318800
AAL,8/1/2021,20.49,21.49,18.290001,19.940001,19.940001,645704700
AAL,9/1/2021,20.01,22.190001,18.639999,20.52,20.52,684885900
AAL,10/1/2021,21,22.08,18.85,19.200001,19.200001,574168900
AAL,11/1/2021,19.09,22.35,16.9,17.690001,17.690001,715400700
AAL,12/1/2021,17.940001,18.870001,16.15,17.959999,17.959999,899699400
AAL,1/1/2022,18.23,19.76,14.91,16.469999,16.469999,814025900
AAL,2/1/2022,16.559999,19.110001,15.48,17.25,17.25,761641100
AAL,3/1/2022,16.969999,18.450001,12.44,18.25,18.25,1207906400
AAL,4/1/2022,18.299999,21.42,16.370001,18.77,18.77,770056000
AAL,5/1/2022,18.75,19.639999,15.09,17.870001,17.870001,674796200
AAL,6/1/2022,18.07,18.1,11.93,12.68,12.68,800097200
AAL,7/1/2022,12.78,15.42,12.52,13.71,13.71,740962700
AAL,8/1/2022,13.67,15.71,12.96,12.99,12.99,577818400
AAL,9/1/2022,12.87,14.67,11.85,12.04,12.04,689436500
AAL,10/1/2022,12.02,14.48,11.65,14.18,14.18,804686600
AAL,11/1/2022,14.44,15.18,13.2,14.43,14.43,524101400
AAL,12/1/2022,14.46,14.74,12.23,12.72,12.72,524327900
AAL,1/1/2023,12.91,17.639999,12.53,16.139999,16.139999,678415500
AAL,2/1/2023,16.040001,17.440001,15.36,15.98,15.98,377967600
AAL,3/1/2023,15.93,16.799999,13.36,14.75,14.75,474716700
AAL,4/1/2023,14.52,14.62,12.65,13.64,13.64,580831800
AAL,5/1/2023,13.6,15.11,13.35,14.78,14.78,522112900
AAL,6/1/2023,14.87,17.99,14.61,17.940001,17.940001,459943700
DAL,7/1/2019,57.299999,63.439999,57.25,61.040001,59.664356,145644600
DAL,8/1/2019,61.310001,61.77,55.57,57.860001,56.919609,112141700
DAL,9/1/2019,57.439999,60.580002,56.650002,57.599998,56.66383,106340200
DAL,10/1/2019,58.049999,58.68,51.07,55.080002,54.184792,177485000
DAL,11/1/2019,55.549999,58.43,55.119999,57.310001,56.797382,105598900
DAL,12/1/2019,57.25,59.919998,54.540001,58.48,57.956917,100565600
DAL,1/1/2020,58.93,62.48,55.43,55.740002,55.241425,173131800
DAL,2/1/2020,56.200001,60.029999,45.029999,46.130001,45.717384,165222100
DAL,3/1/2020,46.220001,49.970001,19.1,28.530001,28.470201,823679400
DAL,4/1/2020,26.59,27.6,20.76,25.91,25.855692,1351787400
DAL,5/1/2020,24.950001,27.85,17.51,25.209999,25.15716,1171815600
DAL,6/1/2020,25.33,37.240002,25.08,28.049999,27.991207,1333078400
DAL,7/1/2020,29.02,29.85,24.43,24.969999,24.917662,571216100
DAL,8/1/2020,24.85,32.209999,24.379999,30.85,30.785339,463825600
DAL,9/1/2020,30.02,35.07,27.92,30.58,30.515903,464823400
DAL,10/1/2020,30.99,34.040001,28.74,30.639999,30.575779,365073100
DAL,11/1/2020,30.620001,42.189999,29.67,40.25,40.165638,386248000
DAL,12/1/2020,40.790001,43.759998,38.84,40.209999,40.125717,276192900
DAL,1/1/2021,40.169998,42.639999,37.740002,37.959999,37.880436,252877700
DAL,2/1/2021,38.349998,50.200001,37.419998,47.939999,47.839516,253317100
DAL,3/1/2021,49.470001,52.279999,43.009998,48.279999,48.178802,311352900
DAL,4/1/2021,48.59,51.82,43.34,46.919998,46.821655,262740100
DAL,5/1/2021,47.189999,48.200001,42.939999,47.68,47.580063,219837000
DAL,6/1/2021,48.130001,48.540001,42.580002,43.259998,43.169327,228697100
DAL,7/1/2021,43.5,44.540001,37.560001,39.900002,39.816372,280872300
DAL,8/1/2021,40.040001,41.799999,37.310001,40.439999,40.355236,252152500
DAL,9/1/2021,40.57,45.060001,38.799999,42.610001,42.520691,225924300
DAL,10/1/2021,43.950001,46,38.810001,39.130001,39.047985,246412100
DAL,11/1/2021,39.150002,45.52,34.599998,36.200001,36.124126,276217900
DAL,12/1/2021,36.869999,39.889999,33.400002,39.080002,38.998089,347049900
DAL,1/1/2022,39.790001,42.540001,35.880001,39.689999,39.606808,276197700
DAL,2/1/2022,39.799999,45.139999,37.470001,39.919998,39.836327,265638700
DAL,3/1/2022,39.5,40.259998,29.75,39.57,39.487061,419255300
DAL,4/1/2022,39.669998,46.27,36.169998,43.029999,42.939808,329775600
DAL,5/1/2022,42.950001,43.970001,35.700001,41.689999,41.602615,265021700
DAL,6/1/2022,42.130001,42.299999,28.1,28.969999,28.909279,341159100
DAL,7/1/2022,29.23,33.080002,28.139999,31.799999,31.733347,283897800
DAL,8/1/2022,31.780001,35.790001,31.059999,31.07,31.004877,191471800
DAL,9/1/2022,30.65,33.740002,27.799999,28.059999,28.001186,220686800
DAL,10/1/2022,27.98,35.080002,27.200001,33.93,33.858883,269214900
DAL,11/1/2022,34.330002,36,30.98,35.369999,35.295864,163171400
DAL,12/1/2022,35.450001,36.880001,31.82,32.860001,32.791126,195049700
DAL,1/1/2023,33.25,39.619999,32.34,39.099998,39.018044,255054500
DAL,2/1/2023,38.84,40.34,36.66,38.34,38.25964,141083300
DAL,3/1/2023,38.34,40.299999,31.040001,34.919998,34.846806,235287700
DAL,4/1/2023,34.48,36.189999,32.439999,34.310001,34.238087,230947300
DAL,5/1/2023,34.43,36.93,32.68,36.330002,36.253853,204228100
DAL,6/1/2023,36.419998,47.73,36,47.540001,47.440357,266395300
UAL,7/1/2019,88.839996,96.029999,87.769997,91.910004,91.910004,62317400
UAL,8/1/2019,92.029999,93.040001,80.779999,84.309998,84.309998,53155300
UAL,9/1/2019,83.639999,91.839996,82.25,88.410004,88.410004,47775300
UAL,10/1/2019,89.150002,92.800003,80.870003,90.839996,90.839996,61233900
UAL,11/1/2019,91.650002,95.160004,90.769997,92.800003,92.800003,35095100
UAL,12/1/2019,93,93.620003,86.080002,88.089996,88.089996,42638400
UAL,1/1/2020,89.57,90.57,74.440002,74.800003,74.800003,98401800
UAL,2/1/2020,75.489998,82.720001,60.830002,61.59,61.59,99928300
UAL,3/1/2020,61.130001,63.529999,17.799999,31.549999,31.549999,472476700
UAL,4/1/2020,29.51,34.040001,21.559999,29.58,29.58,847463100
UAL,5/1/2020,28.1,32.75,18.18,28.040001,28.040001,1157715300
UAL,6/1/2020,28.190001,48.950001,27.950001,34.610001,34.610001,1791841200
UAL,7/1/2020,36.919998,38.369999,29.23,31.379999,31.379999,1119286400
UAL,8/1/2020,31.33,39.860001,30.32,36,36,759561000
UAL,9/1/2020,35.25,39.77,31.219999,34.75,34.75,587342300
UAL,10/1/2020,35.23,38.099998,32.16,33.860001,33.860001,493070800
UAL,11/1/2020,34.080002,46.759998,32.950001,45.049999,45.049999,443920300
UAL,12/1/2020,45.830002,51.310001,42.43,43.25,43.25,379409800
UAL,1/1/2021,43.68,46.799999,39.77,39.990002,39.990002,279459200
UAL,2/1/2021,40.349998,55.869999,39.169998,52.68,52.68,302408500
UAL,3/1/2021,55.439999,63.700001,46.560001,57.540001,57.540001,411079700
UAL,4/1/2021,57.66,61.34,48.900002,54.400002,54.400002,317117800
UAL,5/1/2021,54.669998,59.290001,50.900002,58.349998,58.349998,263618400
UAL,6/1/2021,59.119999,60.59,51.669998,52.290001,52.290001,249227100
UAL,7/1/2021,52.790001,53.759998,42.560001,46.720001,46.720001,275847900
UAL,8/1/2021,46.849998,48.41,43.169998,46.509998,46.509998,227251800
UAL,9/1/2021,46.75,50.560001,43.02,47.57,47.57,244890300
UAL,10/1/2021,48.900002,52.43,45.439999,46.139999,46.139999,225349700
UAL,11/1/2021,46.18,54.52,40.110001,42.259998,42.259998,254050900
UAL,12/1/2021,43.029999,46.599998,38.880001,43.779999,43.779999,334699700
UAL,1/1/2022,44.669998,49.27,38.790001,42.880001,42.880001,246471000
UAL,2/1/2022,43.009998,50.939999,40.43,44.400002,44.400002,241578300
UAL,3/1/2022,43.639999,46.860001,30.540001,46.360001,46.360001,437220600
UAL,4/1/2022,46.509998,53.119999,41.080002,50.5,50.5,297380100
UAL,5/1/2022,50.490002,52.130001,40.110001,47.630001,47.630001,281904300
UAL,6/1/2022,48.23,48.310001,33.73,35.419998,35.419998,255335100
UAL,7/1/2022,35.509998,41.970001,34.439999,36.75,36.75,234965800
UAL,8/1/2022,36.689999,40.77,34.970001,35.009998,35.009998,175294700
UAL,9/1/2022,34.669998,40.259998,31.799999,32.529999,32.529999,210616000
UAL,10/1/2022,32.360001,44.169998,31.58,43.080002,43.080002,237759700
UAL,11/1/2022,43.599998,45.57,40.07,44.169998,44.169998,128367300
UAL,12/1/2022,44.299999,45.970001,37.169998,37.700001,37.700001,163050700
UAL,1/1/2023,38.220001,53.259998,36.82,48.959999,48.959999,231182300
UAL,2/1/2023,48.84,52.34,47.77,51.959999,51.959999,114140300
UAL,3/1/2023,51.669998,55.040001,40.43,44.25,44.25,189274700
UAL,4/1/2023,43.68,46.299999,41.049999,43.799999,43.799999,163026400
UAL,5/1/2023,43.66,49.049999,42.599998,47.470001,47.470001,142672600
UAL,6/1/2023,47.349998,56.970001,47.049999,54.869999,54.869999,132666500
LUV,7/1/2019,51.200001,55.939999,51.029999,51.529999,49.899288,80907400
LUV,8/1/2019,51.529999,53.189999,48.09,52.32,50.664291,72886000
LUV,9/1/2019,51.889999,56.490002,50.91,54.009998,52.487377,75093800
LUV,10/1/2019,54.290001,57.900002,51.189999,56.130001,54.547611,98944500
LUV,11/1/2019,56.34,58.5,55.849998,57.639999,56.015041,44694500
LUV,12/1/2019,57.599998,57.799999,53.43,53.98,52.458225,74927100
LUV,1/1/2020,54.380001,58.189999,51.849998,54.98,53.60397,105167500
LUV,2/1/2020,55.41,58.830002,44.98,46.189999,45.033966,89591700
LUV,3/1/2020,46.540001,48.389999,29.15,35.610001,34.718765,247156000
LUV,4/1/2020,34.049999,37.310001,28.25,31.25,30.585144,450738100
LUV,5/1/2020,30.5,35.16,22.469999,32.099998,31.417057,560121600
LUV,6/1/2020,32.299999,42.349998,30.940001,34.18,33.452808,572792700
LUV,7/1/2020,35.290001,36.099998,30.24,30.889999,30.232803,298878700
LUV,8/1/2020,30.75,39.060001,30.299999,37.580002,36.780472,255736400
LUV,9/1/2020,36.84,42.880001,35.82,37.5,36.702171,251989000
LUV,10/1/2020,37.959999,43.389999,36.049999,39.529999,38.68898,199321500
LUV,11/1/2020,39.93,49.470001,37.950001,46.34,45.354099,207593600
LUV,12/1/2020,46.549999,49.529999,44.450001,46.610001,45.618355,161173000
LUV,1/1/2021,46.48,49.470001,43.720001,43.939999,43.005157,142916000
LUV,2/1/2021,44.34,59.639999,44.09,58.130001,56.893261,165086900
LUV,3/1/2021,59.549999,62.759998,52.290001,61.060001,59.760921,194852300
LUV,4/1/2021,61.27,64.75,58.91,62.779999,61.444328,116894100
LUV,5/1/2021,63.009998,63.68,58.080002,61.459999,60.152412,113981200
LUV,6/1/2021,61.939999,62.259998,52.549999,53.09,51.960491,138252500
LUV,7/1/2021,53.599998,54.389999,47.369999,50.52,49.445168,178675500
LUV,8/1/2021,50.599998,52.02,46.950001,49.779999,48.720909,150604800
LUV,9/1/2021,50,54.400002,47.34,51.43,50.335808,136907800
LUV,10/1/2021,53.77,56.330002,46.439999,47.279999,46.274094,160313600
LUV,11/1/2021,47.34,52.790001,43.16,44.400002,43.455376,164412500
LUV,12/1/2021,44.990002,46.959999,38.66,42.84,41.928562,243956800
LUV,1/1/2022,43.169998,46.490002,40.630001,44.759998,43.807716,166796600
LUV,2/1/2022,45,47.740002,41.200001,43.799999,42.868137,138299900
LUV,3/1/2022,43.400002,46.389999,36.75,45.799999,44.825584,195541300
LUV,4/1/2022,45.919998,50.099998,41.040001,46.720001,45.726013,140388800
LUV,5/1/2022,46.400002,48.18,41.369999,45.860001,44.884312,102711200
LUV,6/1/2022,46.400002,46.459999,34.360001,36.119999,35.351532,125918400
LUV,7/1/2022,36.09,41.759998,35.060001,38.119999,37.308979,127426100
LUV,8/1/2022,38,40.389999,36.68,36.700001,35.919193,105387800
LUV,9/1/2022,36.32,39.139999,30.790001,30.84,30.183868,131065700
LUV,10/1/2022,30.84,36.560001,30.200001,36.349998,35.576637,130478400
LUV,11/1/2022,36.84,39.939999,35.48,39.91,39.060894,102647500
LUV,12/1/2022,40,40.380001,32.189999,33.669998,32.953655,146469600
LUV,1/1/2023,33.82,37.709999,32.099998,35.77,35.008984,152885300
LUV,2/1/2023,35.5,37.310001,33.029999,33.580002,33.035084,107594300
LUV,3/1/2023,33.549999,34.48,28.950001,32.540001,32.011959,163499600
LUV,4/1/2023,32.07,32.939999,28.809999,30.290001,29.958199,148241500
LUV,5/1/2023,30.290001,31.16,28.4,29.870001,29.542799,136859900
LUV,6/1/2023,30.09,36.240002,29.08,36.209999,35.813351,158105700
RYAAY,7/1/2019,64.459999,68.139999,61.23,62.130001,62.130001,11753700
RYAAY,8/1/2019,61.869999,62.52,55.75,57.299999,57.299999,12097300
RYAAY,9/1/2019,57,66.800003,56.82,66.379997,66.379997,11015900
RYAAY,10/1/2019,67.300003,76.139999,64.889999,74.639999,74.639999,10967400
RYAAY,11/1/2019,74.970001,87.059998,74.970001,83.32,83.32,7814900
RYAAY,12/1/2019,83.709999,88.349998,81.919998,87.610001,87.610001,6782200
RYAAY,1/1/2020,88.349998,96.790001,85.889999,86.610001,86.610001,9257200
RYAAY,2/1/2020,92.199997,95.199997,71.419998,71.68,71.68,14265400
RYAAY,3/1/2020,71.099998,73.959999,44.439999,53.09,53.09,32465800
RYAAY,4/1/2020,52,65.220001,49.73,63.470001,63.470001,13071400
RYAAY,5/1/2020,59.5,72.379997,48.610001,71.769997,71.769997,16673000
RYAAY,6/1/2020,72.650002,82.110001,63.91,66.339996,66.339996,14711300
RYAAY,7/1/2020,66.160004,77.269997,63.849998,75,75,12688300
RYAAY,8/1/2020,75,88.029999,73.870003,80.900002,80.900002,8496600
RYAAY,9/1/2020,79.43,89.07,77.089996,81.760002,81.760002,15751300
RYAAY,10/1/2020,82.010002,90.529999,79.239998,80.599998,80.599998,8288800
RYAAY,11/1/2020,83.75,109.650002,81.089996,103.769997,103.769997,13269300
RYAAY,12/1/2020,106.160004,118.169998,102.709999,109.980003,109.980003,11301200
RYAAY,1/1/2021,110.620003,110.790001,94.68,95.07,95.07,9098600
RYAAY,2/1/2021,97.919998,114.150002,95.089996,107.519997,107.519997,10308000
RYAAY,3/1/2021,110.43,117.080002,102.660004,115,115,11231400
RYAAY,4/1/2021,116,118.5,100.309998,116.849998,116.849998,6278600
RYAAY,5/1/2021,117.970001,121.400002,110.720001,116.75,116.75,5000700
RYAAY,6/1/2021,117.660004,121.629997,105,108.209999,108.209999,4740900
RYAAY,7/1/2021,110.139999,112.879997,96.449997,109.040001,109.040001,5919300
RYAAY,8/1/2021,109.879997,112,104.18,107.699997,107.699997,3971400
RYAAY,9/1/2021,108.379997,116.959999,103.550003,110.059998,110.059998,5894200
RYAAY,10/1/2021,112.080002,120.260002,107.75,113.510002,113.510002,5096600
RYAAY,11/1/2021,113.510002,127.25,95.059998,95.550003,95.550003,8247500
RYAAY,12/1/2021,100.860001,107.699997,95.150002,102.330002,102.330002,9022500
RYAAY,1/1/2022,103.349998,118.889999,102.269997,111.620003,111.620003,8410800
RYAAY,2/1/2022,112.160004,125.75,96.989998,99.709999,99.709999,11550500
RYAAY,3/1/2022,95.739998,97.410004,74.120003,87.120003,87.120003,20406700
RYAAY,4/1/2022,85.589996,98.419998,81.949997,87.32,87.32,10152600
RYAAY,5/1/2022,86.620003,90.589996,79.110001,87.199997,87.199997,12039900
RYAAY,6/1/2022,87.040001,87.489998,65.309998,67.25,67.25,9627700
RYAAY,7/1/2022,67.449997,75.300003,65.07,73,73,12856000
RYAAY,8/1/2022,73.989998,77.209999,69.150002,72.709999,72.709999,8230200
RYAAY,9/1/2022,70.559998,75.410004,56.950001,58.419998,58.419998,13621800
RYAAY,10/1/2022,58.200001,69.220001,55.900002,68.889999,68.889999,11645300
RYAAY,11/1/2022,69.279999,78.669998,65.93,75.690002,75.690002,7848000
RYAAY,12/1/2022,77,80.43,73.5,74.760002,74.760002,6498500
RYAAY,1/1/2023,75.989998,97.029999,73.970001,90.529999,90.529999,8013500
RYAAY,2/1/2023,93.050003,99.339996,90.120003,92.769997,92.769997,9372900
RYAAY,3/1/2023,94.059998,98.239998,86.360001,94.290001,94.290001,6426900
RYAAY,4/1/2023,91.769997,97.199997,90.18,95.589996,95.589996,5275000
RYAAY,5/1/2023,95.830002,107.699997,92.989998,105.080002,105.080002,10127100
RYAAY,6/1/2023,105.089996,110.660004,102.540001,110.599998,110.599998,11015700
JBLU,7/1/2019,18.690001,19.83,18.48,19.23,19.23,88568100
JBLU,8/1/2019,19.33,19.76,16.530001,17.32,17.32,84388300
JBLU,9/1/2019,17.219999,17.530001,16.25,16.75,16.75,103271000
JBLU,10/1/2019,16.790001,19.6,15.87,19.299999,19.299999,132277000
JBLU,11/1/2019,19.35,19.93,18.6,19.27,19.27,66861000
JBLU,12/1/2019,19.26,19.49,18.4,18.719999,18.719999,87899200
JBLU,1/1/2020,18.9,21.190001,18.1,19.83,19.83,137336800
JBLU,2/1/2020,19.98,21.65,15.42,15.78,15.78,106852200
JBLU,3/1/2020,15.82,16.110001,6.61,8.95,8.95,370571300
JBLU,4/1/2020,8.3,10.38,7.22,9.74,9.74,307581500
JBLU,5/1/2020,9.16,11.8,7.34,10.07,10.07,339556300
JBLU,6/1/2020,10.14,15.62,9.89,10.9,10.9,497274400
JBLU,7/1/2020,11.32,11.56,9.72,10.34,10.34,258171400
JBLU,8/1/2020,10.24,12.34,9.81,11.52,11.52,194555100
JBLU,9/1/2020,11.34,13.28,10.93,11.33,11.33,175491000
JBLU,10/1/2020,11.51,13.54,10.95,11.97,11.97,209770800
JBLU,11/1/2020,11.97,16.15,11.68,15.09,15.09,177578200
JBLU,12/1/2020,15.46,16.35,13.86,14.54,14.54,247412300
JBLU,1/1/2021,14.65,16.030001,13.94,14.34,14.34,165621100
JBLU,2/1/2021,14.42,19.879999,14.05,18.43,18.43,178656200
JBLU,3/1/2021,19.059999,21.73,17,20.34,20.34,230495800
JBLU,4/1/2021,20.32,21.959999,18.77,20.360001,20.360001,155219300
JBLU,5/1/2021,20.360001,20.889999,18.32,20.1,20.1,115476800
JBLU,6/1/2021,20.27,20.59,16.620001,16.780001,16.780001,157343600
JBLU,7/1/2021,16.92,17.360001,13.93,14.79,14.79,180683100
JBLU,8/1/2021,14.86,15.86,13.96,15.13,15.13,145939400
JBLU,9/1/2021,15.21,16.559999,14.48,15.29,15.29,144702700
JBLU,10/1/2021,15.72,16.65,13.97,14.03,14.03,151798600
JBLU,11/1/2021,14.03,16.48,12.95,13.42,13.42,158866100
JBLU,12/1/2021,13.8,14.94,12.86,14.24,14.24,164620900
JBLU,1/1/2022,14.32,15.52,12.95,14.63,14.63,167781400
JBLU,2/1/2022,14.68,16.389999,13.96,15.27,15.27,143119900
JBLU,3/1/2022,15.09,15.26,11.37,14.95,14.95,208454600
JBLU,4/1/2022,15.02,15.19,10.88,11.01,11.01,298706500
JBLU,5/1/2022,11,11.48,9.22,10.74,10.74,218131500
JBLU,6/1/2022,10.81,10.93,7.99,8.37,8.37,219052500
JBLU,7/1/2022,8.43,8.94,7.87,8.42,8.42,203174800
JBLU,8/1/2022,8.45,9.35,7.79,7.79,7.79,249644600
JBLU,9/1/2022,7.75,8.54,6.52,6.63,6.63,270637100
JBLU,10/1/2022,6.67,8.05,6.21,8.04,8.04,267632400
JBLU,11/1/2022,8.17,8.35,7.32,7.96,7.96,189702600
JBLU,12/1/2022,7.92,8.07,6.18,6.48,6.48,207842000
JBLU,1/1/2023,6.64,8.82,6.4,8,8,193969300
JBLU,2/1/2023,7.95,9.35,7.87,8.3,8.3,149683500
JBLU,3/1/2023,8.31,8.67,6.46,7.28,7.28,192285300
JBLU,4/1/2023,7.14,7.3,6.7,7.14,7.14,170484900
JBLU,5/1/2023,7.04,7.27,6.68,6.83,6.83,206197800
JBLU,6/1/2023,6.83,8.95,6.77,8.86,8.86,264687800
SAVE,7/1/2019,48.23,55.209999,41.580002,42.43,40.28072,34920500
SAVE,8/1/2019,42.689999,43.290001,35.889999,37.540001,35.638424,17417700
SAVE,9/1/2019,36.900002,39.580002,34.529999,36.299999,34.461231,20730500
SAVE,10/1/2019,36.59,39.849998,32.970001,37.560001,35.65741,35420200
SAVE,11/1/2019,37.91,40.169998,37.049999,39.07,37.090923,15773500
SAVE,12/1/2019,39.93,41.790001,37.560001,40.310001,38.268105,23005300
SAVE,1/1/2020,40.700001,43.650002,38.330002,41.07,38.989609,26884800
SAVE,2/1/2020,41.25,47.5,27.98,28.450001,27.008873,36098900
SAVE,3/1/2020,28.360001,28.68,7.01,12.89,12.237061,139436300
SAVE,4/1/2020,11.66,16.49,10.08,15.02,14.259166,135482200
SAVE,5/1/2020,14.08,14.56,7.25,12.95,12.294023,471919600
SAVE,6/1/2020,13,25.940001,13,17.799999,16.898344,855504500
SAVE,7/1/2020,18.23,19.5,15.42,15.81,15.00915,316333500
SAVE,8/1/2020,15.74,19.549999,14.65,17.879999,16.974291,209834700
SAVE,9/1/2020,17.6,18.940001,15.06,16.1,15.284458,181131300
SAVE,10/1/2020,16.299999,18.700001,15.45,17.57,16.679996,202211400
SAVE,11/1/2020,17.52,23.540001,16.799999,22.629999,21.483679,185425400
SAVE,12/1/2020,22.719999,27.48,22.18,24.450001,23.211493,158654500
SAVE,1/1/2021,24.75,27.959999,22.870001,25.940001,24.626017,91630900
SAVE,2/1/2021,26.26,39.139999,25.68,35.880001,34.062511,121829500
SAVE,3/1/2021,37.25,40.77,31.35,36.900002,35.030842,102880200
SAVE,4/1/2021,36.509998,39.189999,33.709999,35.82,34.005543,87471100
SAVE,5/1/2021,36.150002,36.779999,32.029999,35.709999,33.901119,58860800
SAVE,6/1/2021,35.950001,37.189999,30.370001,30.440001,28.898071,73433600
SAVE,7/1/2021,30.780001,31.469999,24.620001,26.98,25.613333,82662800
SAVE,8/1/2021,27.17,28.17,22.700001,24.530001,23.287437,102099900
SAVE,9/1/2021,24.719999,27.82,23.790001,25.940001,24.626017,77820300
SAVE,10/1/2021,26.4,27.59,21.790001,21.85,20.743191,96639800
SAVE,11/1/2021,21.889999,25.379999,19.52,20.91,19.850807,100929500
SAVE,12/1/2021,21.66,24.27,20.02,21.85,20.743191,109867700
SAVE,1/1/2022,22,24.120001,19.4,21.469999,20.382444,114798600
SAVE,2/1/2022,21.5,28.299999,21.02,25.08,23.80958,141558600
SAVE,3/1/2022,24.719999,25.129999,18.26,21.870001,20.762182,109662200
SAVE,4/1/2022,22.01,27.879999,20.959999,23.610001,22.414042,96203500
SAVE,5/1/2022,21.93,22.790001,15.92,20.950001,19.888781,112079100
SAVE,6/1/2022,20.950001,24.690001,20.059999,23.84,22.632385,85943300
SAVE,7/1/2022,23.74,25.68,23.35,24.77,23.515284,50801200
SAVE,8/1/2022,24.65,25,22.57,22.68,21.531151,30450200
SAVE,9/1/2022,22.5,23.459999,18.6,18.82,17.866676,37519400
SAVE,10/1/2022,18.85,22.700001,18.01,22,20.885597,31101500
SAVE,11/1/2022,22.26,22.58,20.860001,21.709999,20.610285,13931800
SAVE,12/1/2022,21.639999,21.76,19.1,19.48,18.493244,13740400
SAVE,1/1/2023,19.629999,20.99,19.16,19.84,18.835011,18599900
SAVE,2/1/2023,19.85,20.24,18.27,18.32,17.47971,26451600
SAVE,3/1/2023,18.299999,18.450001,16.17,17.17,16.468277,62045800
SAVE,4/1/2023,17,17.75,16.75,17.1,16.498589,17796000
SAVE,5/1/2023,17.049999,17.07,14.41,15.21,14.759692,43335100
SAVE,6/1/2023,15.25,17.280001,15.11,17.16,16.76137,26589200
VLRS,7/1/2019,9.45,10.99,9.15,9.79,9.79,7561800
VLRS,8/1/2019,9.7,9.96,8.26,8.89,8.89,5395000
VLRS,9/1/2019,8.85,10.61,8.64,10.01,10.01,5882900
VLRS,10/1/2019,9.95,11.4,9.83,10.84,10.84,6183700
VLRS,11/1/2019,10.9,11.5,10.31,10.45,10.45,4871600
VLRS,12/1/2019,10.42,10.96,10.07,10.42,10.42,4145100
VLRS,1/1/2020,10.47,13.13,10.38,12.99,12.99,8146700
VLRS,2/1/2020,13,13.45,9.86,10.05,10.05,7489100
VLRS,3/1/2020,10.02,10.49,2.96,3.43,3.43,15077000
VLRS,4/1/2020,3.34,5.26,2.94,4.91,4.91,13941500
VLRS,5/1/2020,4.77,5.58,3.76,5,5,7507600
VLRS,6/1/2020,5,7.13,4.85,5.28,5.28,15033100
VLRS,7/1/2020,5.3,5.63,4.79,5.53,5.53,6200700
VLRS,8/1/2020,5.51,8.41,5.21,8.08,8.08,7388400
VLRS,9/1/2020,8.06,8.98,6.33,7.21,7.21,6517400
VLRS,10/1/2020,7.5,9.24,7.29,7.88,7.88,9086900
VLRS,11/1/2020,7.93,11.19,7.76,10.46,10.46,7448300
VLRS,12/1/2020,10.61,13.48,10.44,12.42,12.42,17307100
VLRS,1/1/2021,12.42,12.61,10.62,11.28,11.28,6523200
VLRS,2/1/2021,11.37,16.389999,11.25,14.88,14.88,9938300
VLRS,3/1/2021,15.33,16.780001,13.18,14.26,14.26,15376400
VLRS,4/1/2021,14.33,16.940001,14.33,16.27,16.27,9191100
VLRS,5/1/2021,16.440001,18.73,15.83,17.25,17.25,10448600
VLRS,6/1/2021,17.459999,19.43,16.459999,19.209999,19.209999,18643500
VLRS,7/1/2021,19.299999,23.58,19.26,22.08,22.08,18152000
VLRS,8/1/2021,22.34,22.700001,17.4,19.870001,19.870001,15994300
VLRS,9/1/2021,19.879999,23.32,19.440001,21.809999,21.809999,12465700
VLRS,10/1/2021,22.07,22.549999,17.610001,18.1,18.1,13562400
VLRS,11/1/2021,18.26,18.93,14.24,14.82,14.82,16261000
VLRS,12/1/2021,15.15,18.17,14.51,17.969999,17.969999,10956300
VLRS,1/1/2022,17.959999,19.9,16.18,17.83,17.83,10694500
VLRS,2/1/2022,17.99,21.23,17.27,19.09,19.09,13132200
VLRS,3/1/2022,19.09,19.09,13.47,18.190001,18.190001,20448200
VLRS,4/1/2022,18.27,19.57,15.89,15.92,15.92,10623800
VLRS,5/1/2022,15.86,16.18,12.4,15.58,15.58,8293900
VLRS,6/1/2022,15.66,15.69,9.24,10.27,10.27,14853600
VLRS,7/1/2022,10.14,10.4,8.67,9.7,9.7,13017200
VLRS,8/1/2022,9.59,11.49,8.86,8.88,8.88,14131600
VLRS,9/1/2022,8.74,9.99,6.98,6.99,6.99,14822700
VLRS,10/1/2022,7.14,8.76,6.86,8.38,8.38,9202200
VLRS,11/1/2022,8.52,10.85,7.84,9.98,9.98,9562000
VLRS,12/1/2022,10.05,10.33,7.94,8.36,8.36,11850700
VLRS,1/1/2023,8.36,11.65,7.78,11.08,11.08,8166300
VLRS,2/1/2023,11.2,11.97,10.84,11.72,11.72,7478200
VLRS,3/1/2023,11.7,12.58,9.98,12.44,12.44,8696300
VLRS,4/1/2023,12.18,12.65,10.45,11.76,11.76,5829700
VLRS,5/1/2023,11.67,14.36,11.22,13.8,13.8,6544300
VLRS,6/1/2023,13.8,15.05,13.6,13.95,13.95,5747400
GOL,7/1/2019,17.18,22.360001,16.209999,21.48,21.48,32308000
GOL,8/1/2019,21.780001,23.299999,15.37,16.07,16.07,34607200
GOL,9/1/2019,15.58,18.059999,15.06,15.47,15.47,19260000
GOL,10/1/2019,15.31,19.360001,14.43,18.17,18.17,17256400
GOL,11/1/2019,18.5,18.629999,15.35,16.129999,16.129999,13996700
GOL,12/1/2019,15.99,18.49,15.88,18.07,18.07,13633300
GOL,1/1/2020,18.209999,18.73,15.63,16.030001,16.030001,17469800
GOL,2/1/2020,16.209999,17.33,10.91,11.33,11.33,23213000
GOL,3/1/2020,11.58,11.97,1.85,4.27,4.27,70004900
GOL,4/1/2020,3.84,5.09,3.36,4.61,4.61,37384000
GOL,5/1/2020,4.42,4.97,3.22,4.4,4.4,34913500
GOL,6/1/2020,4.63,10.27,4.59,6.78,6.78,84502400
GOL,7/1/2020,7.04,8.13,6.76,6.83,6.83,35303200
GOL,8/1/2020,6.71,7.43,5.95,6.52,6.52,29923100
GOL,9/1/2020,6.78,8.4,5.84,6.1,6.1,28768600
GOL,10/1/2020,6.27,7.37,5.38,5.47,5.47,29497000
GOL,11/1/2020,5.58,9.33,5.36,8.83,8.83,37871100
GOL,12/1/2020,9.05,11.31,8.88,9.82,9.82,27625800
GOL,1/1/2021,9.67,9.68,7.82,8.67,8.67,26384100
GOL,2/1/2021,8.88,9.74,7.72,7.76,7.76,23738200
GOL,3/1/2021,7.8,8.7,6.59,7.65,7.65,63352300
GOL,4/1/2021,7.76,9.24,7.57,8.6,8.6,34652200
GOL,5/1/2021,8.66,10.49,8.3,10.24,10.24,27610500
GOL,6/1/2021,10.5,11.43,9.13,9.22,9.22,42677700
GOL,7/1/2021,9.28,9.46,7.74,7.88,7.88,31620300
GOL,8/1/2021,8.01,8.15,6.18,7.79,7.79,31882700
GOL,9/1/2021,7.71,8.38,6.95,7.63,7.63,28691100
GOL,10/1/2021,7.92,8.21,5.43,5.47,5.47,38478100
GOL,11/1/2021,5.63,6.97,5.2,5.63,5.63,49269300
GOL,12/1/2021,5.77,7.12,5.14,6.05,6.05,56435500
GOL,1/1/2022,5.99,6.99,5.18,6.99,6.99,40359400
GOL,2/1/2022,6.9,7.75,6.34,6.53,6.53,35815000
GOL,3/1/2022,6.46,7.59,4.78,7.2,7.2,55814000
GOL,4/1/2022,7.5,7.94,5.8,6.07,6.07,34931900
GOL,5/1/2022,5.97,6.59,4.83,6.09,6.09,44832300
GOL,6/1/2022,6.15,6.16,3.32,3.41,3.41,54946900
GOL,7/1/2022,3.34,3.56,2.74,3.3,3.3,42170900
GOL,8/1/2022,3.22,4.76,3.17,3.82,3.82,43121500
GOL,9/1/2022,3.9,4.36,3.1,3.29,3.29,42972800
GOL,10/1/2022,3.5,4.14,3.01,3.7,3.7,31679800
GOL,11/1/2022,3.67,4.04,2.92,3.29,3.29,33407300
GOL,12/1/2022,3.21,3.27,2.32,2.67,2.67,32624000
GOL,1/1/2023,2.69,3.33,2.42,3.04,3.04,22735900
GOL,2/1/2023,2.95,3.45,2.16,2.16,2.16,32703700
GOL,3/1/2023,2.19,3.29,2,2.63,2.63,47213400
GOL,4/1/2023,2.59,2.98,2.32,2.68,2.68,21678600
GOL,5/1/2023,2.67,3.38,2.56,3.22,3.22,22038300
GOL,6/1/2023,3.27,5.48,3.22,5.46,5.46,37595400
AZUL,7/1/2019,34,42.439999,32.32,40.700001,40.700001,11970500
AZUL,8/1/2019,40.66,43.136002,32.310001,35.119999,35.119999,11635200
AZUL,9/1/2019,34.119999,38.84,32.810001,35.82,35.82,11689300
AZUL,10/1/2019,35.91,40.16,33.75,38.98,38.98,10915400
AZUL,11/1/2019,39.25,40.549999,34.150002,37.240002,37.240002,9758900
AZUL,12/1/2019,37.43,43.799999,37.310001,42.799999,42.799999,7938100
AZUL,1/1/2020,43.610001,44.549999,40.23,41.5,41.5,8739800
AZUL,2/1/2020,42.139999,43.75,28.344999,29.5,29.5,10069300
AZUL,3/1/2020,30.309999,31.1,5.3,10.19,10.19,40607000
AZUL,4/1/2020,9.17,10.43,7.12,9.56,9.56,32930100
AZUL,5/1/2020,9.05,9.108,5.6,7.98,7.98,57238700
AZUL,6/1/2020,8.16,18.280001,8.06,11.18,11.18,150941500
AZUL,7/1/2020,11.36,12.77,11.23,11.54,11.54,37893000
AZUL,8/1/2020,11.39,13.49,10.97,12.15,12.15,44239800
AZUL,9/1/2020,12.37,16.98,12.28,13.16,13.16,56004400
AZUL,10/1/2020,13.48,14.719,11.16,11.85,11.85,45393300
AZUL,11/1/2020,12.09,22.77,11.63,21.27,21.27,49053200
AZUL,12/1/2020,22.18,25.84,20.18,22.82,22.82,29210200
AZUL,1/1/2021,22.77,23.68,19.719999,21.950001,21.950001,31803600
AZUL,2/1/2021,22.469999,25.280001,21.51,21.52,21.52,19715400
AZUL,3/1/2021,22.1,23.450001,18,20.190001,20.190001,39304700
AZUL,4/1/2021,20.43,23.030001,19.690001,21.280001,21.280001,17903000
AZUL,5/1/2021,21.530001,26.5,20.540001,24.709999,24.709999,21656000
AZUL,6/1/2021,25.370001,29.450001,24.809999,26.4,26.4,22833600
AZUL,7/1/2021,26.530001,26.98,21.940001,22.43,22.43,19734700
AZUL,8/1/2021,22.83,23.360001,18.639999,21.99,21.99,19023700
AZUL,9/1/2021,21.860001,22.120001,18.700001,20.059999,20.059999,21804100
AZUL,10/1/2021,20.75,21.84,13.21,13.23,13.23,43377800
AZUL,11/1/2021,13.81,16.6,11.76,12.58,12.58,42656300
AZUL,12/1/2021,12.75,14.49,11.46,13.2,13.2,45204300
AZUL,1/1/2022,12.85,16.58,11.31,16.559999,16.559999,46465500
AZUL,2/1/2022,16.469999,17.459999,14,14.61,14.61,40368500
AZUL,3/1/2022,14.51,16.469999,10.405,15.05,15.05,61460100
AZUL,4/1/2022,15.55,16.889999,12.83,13.38,13.38,37209600
AZUL,5/1/2022,12.99,13.81,10.561,12.73,12.73,44485900
AZUL,6/1/2022,12.83,12.84,6.8,7.1,7.1,71833700
AZUL,7/1/2022,6.83,7.17,6.125,6.79,6.79,55365400
AZUL,8/1/2022,6.69,10.85,6.5,9.35,9.35,45344000
AZUL,9/1/2022,9.51,10.62,7.87,8.14,8.14,35834800
AZUL,10/1/2022,8.76,10.26,7.99,9.39,9.39,38816500
AZUL,11/1/2022,9.31,10.14,6.705,7.19,7.19,52029900
AZUL,12/1/2022,7,7.265,5.29,6.11,6.11,55444500
AZUL,1/1/2023,5.89,7.365,5.54,7.06,7.06,40036300
AZUL,2/1/2023,6.9,7.77,4.03,4.08,4.08,68630300
AZUL,3/1/2023,4.09,8.19,3.82,7.15,7.15,131782100
AZUL,4/1/2023,6.87,7.73,5.805,6.51,6.51,41706000
AZUL,5/1/2023,6.39,9.985,6.26,9.98,9.98,58146200
AZUL,6/1/2023,10.05,13.78,9.99,13.69,13.69,45207000
CPA,7/1/2019,98,105,94.279999,101.099998,96.379608,7632100
CPA,8/1/2019,101.029999,113.620003,96.529999,103.18,98.362488,7893100
CPA,9/1/2019,102.360001,104.040001,91.769997,98.75,94.750694,6774800
CPA,10/1/2019,98.800003,106.300003,94.82,101.739998,97.619591,5313500
CPA,11/1/2019,102.199997,116.879997,101.220001,104.260002,100.037537,7205000
CPA,12/1/2019,103.889999,108.949997,101.300003,108.080002,104.349289,4930600
CPA,1/1/2020,108.540001,109,97.059998,97.959999,94.578606,6899300
CPA,2/1/2020,98.510002,114,79.040001,83.139999,80.270164,7605800
CPA,3/1/2020,83.75,89.370003,24,45.290001,44.119724,19168900
CPA,4/1/2020,42.599998,52,34.09,44.209999,43.067631,26579100
CPA,5/1/2020,42.759998,48.73,35.16,43.860001,42.726673,19297400
CPA,6/1/2020,44.380001,61.73,43.860001,50.560001,49.253551,19448500
CPA,7/1/2020,51.009998,52.93,40.830002,41.439999,40.369205,15730400
CPA,8/1/2020,41.32,56.169998,40.150002,53.25,51.874043,10942300
CPA,9/1/2020,52.93,62.099998,50.049999,50.34,49.039234,11178100
CPA,10/1/2020,49.950001,56.790001,48.240002,49.279999,48.006622,8064300
CPA,11/1/2020,50.099998,86.089996,46.669998,79.699997,77.640579,13149000
CPA,12/1/2020,81.059998,86.779999,73.510002,77.230003,75.234413,8948000
CPA,1/1/2021,78.190002,82.919998,72.349998,77.370003,75.370789,9610800
CPA,2/1/2021,78.690002,93.43,74.540001,91.669998,89.301285,10627000
CPA,3/1/2021,93.400002,94.910004,75.57,80.790001,78.702415,11791500
CPA,4/1/2021,81.32,89.010002,74.129997,86.5,84.264877,7096000
CPA,5/1/2021,86.57,89.370003,78.050003,82.260002,80.13443,6810400
CPA,6/1/2021,83.07,85.050003,74.790001,75.330002,73.383507,7371600
CPA,7/1/2021,75.879997,76.07,64.660004,70.910004,69.077713,5547000
CPA,8/1/2021,71.559998,78.599998,68.300003,75.25,73.305573,4747800
CPA,9/1/2021,75.849998,85.830002,74.010002,81.379997,79.277168,4103500
CPA,10/1/2021,82.25,89.269997,72.360001,73.959999,72.048904,6443600
CPA,11/1/2021,74.589996,81.209999,69.559998,69.919998,68.113297,11610100
CPA,12/1/2021,72,83.82,68.169998,82.660004,80.524094,11048900
CPA,1/1/2022,83.43,87.980003,75.860001,83.580002,81.420334,8087600
CPA,2/1/2022,83.949997,97.629997,79.400002,84.839996,82.647766,10062200
CPA,3/1/2022,83.860001,84.639999,64.470001,83.639999,81.478775,11732200
CPA,4/1/2022,84.339996,84.959999,74,75.370003,73.422478,8497400
CPA,5/1/2022,75,75.559998,64.120003,70.699997,68.873138,10852500
CPA,6/1/2022,71.389999,71.800003,55.25,63.369999,61.73254,10974600
CPA,7/1/2022,62.919998,67.400002,60.209999,67.220001,65.483063,6512900
CPA,8/1/2022,67.120003,76.75,66.260002,71.199997,69.360214,6638600
CPA,9/1/2022,70.330002,77.300003,65.010002,67.010002,65.278488,5704600
CPA,10/1/2022,67.730003,76.379997,66.900002,75.230003,73.286087,4767500
CPA,11/1/2022,76.089996,87.779999,72.230003,87.629997,85.365669,6700600
CPA,12/1/2022,87.43,89.169998,80.690002,83.169998,81.02092,6299600
CPA,1/1/2023,83.690002,94.779999,81.690002,92.080002,89.700691,8548100
CPA,2/1/2023,91.559998,96.989998,87.720001,92.349998,89.963707,8653700
CPA,3/1/2023,92.419998,98.110001,83.279999,92.349998,89.963707,9774400
CPA,4/1/2023,91.629997,93.309998,85.669998,90.32,87.986168,5421500
CPA,5/1/2023,89.919998,109.120003,88.839996,105.059998,103.293571,10430800
CPA,6/1/2023,105.120003,114.480003,104.650002,110.580002,109.552628,11035200
ULCC,4/1/2021,18.65,22,18.26,21.040001,21.040001,34574900
ULCC,5/1/2021,21.190001,21.690001,18.6,21.32,21.32,9532100
ULCC,6/1/2021,21.77,22.700001,16.35,17.040001,17.040001,21573100
ULCC,7/1/2021,17.110001,17.540001,13.71,14.74,14.74,12194600
ULCC,8/1/2021,14.83,16.59,14.15,15.33,15.33,10006100
ULCC,9/1/2021,15.33,17.16,14.1,15.79,15.79,9856200
ULCC,10/1/2021,16.309999,17.5,15.4,15.65,15.65,7253000
ULCC,11/1/2021,15.75,17.5,13.23,13.35,13.35,10029200
ULCC,12/1/2021,13.8,14.585,12.62,13.57,13.57,15686300
ULCC,1/1/2022,13.73,14.7,11.73,13.08,13.08,7209300
ULCC,2/1/2022,13.2,14.74,11.44,12.88,12.88,53774700
ULCC,3/1/2022,12.9,12.96,9.48,11.33,11.33,47746700
ULCC,4/1/2022,11.44,12.297,9.88,10.61,10.61,63495200
ULCC,5/1/2022,10.75,10.81,8.19,10.75,10.75,55744800
ULCC,6/1/2022,10.93,10.96,8.7,9.37,9.37,70494900
ULCC,7/1/2022,9.25,14.89,9.24,14.48,14.48,52005000
ULCC,8/1/2022,14.305,15.25,12.575,12.9,12.9,32149200
ULCC,9/1/2022,12.7,13.39,9.63,9.7,9.7,27597300
ULCC,10/1/2022,9.79,13.15,8.94,13.11,13.11,25159400
ULCC,11/1/2022,13.24,14.34,12.45,13.04,13.04,16311200
ULCC,12/1/2022,13.04,13.25,9.91,10.27,10.27,12414000
ULCC,1/1/2023,10.46,12.62,9.98,12.58,12.58,10596800
ULCC,2/1/2023,12.49,14.095,10.532,11.76,11.76,25448200
ULCC,3/1/2023,11.77,11.86,8.39,9.84,9.84,37383400
ULCC,4/1/2023,9.69,10.07,8.87,9.49,9.49,16798900
ULCC,5/1/2023,9.41,9.845,7.61,8.23,8.23,30367200
ULCC,6/1/2023,8.24,10.22,8.22,9.67,9.67,41376700
HA,7/1/2019,27.629999,29.200001,25.620001,25.99,25.654375,13516900
HA,8/1/2019,26.280001,27.110001,22.84,24.41,24.09478,13875400
HA,9/1/2019,24.040001,28.629999,22.92,26.26,26.047283,12797700
HA,10/1/2019,26.43,30.41,25.030001,28.610001,28.378246,18807100
HA,11/1/2019,29,31.299999,28.32,30.290001,30.04464,9686100
HA,12/1/2019,30.35,31.34,28.85,29.290001,29.1693,10334600
HA,1/1/2020,29.629999,30.76,26.870001,27.879999,27.765108,12953300
HA,2/1/2020,28.18,30.75,20.52,20.879999,20.793955,13878600
HA,3/1/2020,20.84,20.9,7.55,10.44,10.44,46590900
HA,4/1/2020,10.16,16.030001,9.1,14.4,14.4,33924500
HA,5/1/2020,13.65,16.9,10.31,14.43,14.43,33796400
HA,6/1/2020,14.56,22.35,13.01,14.04,14.04,36532300
HA,7/1/2020,14.54,14.9,11.5,11.89,11.89,24581200
HA,8/1/2020,11.84,14.52,11.51,13.44,13.44,17679900
HA,9/1/2020,13.25,15.06,12.15,12.89,12.89,21917000
HA,10/1/2020,12.91,16.51,12.51,13.85,13.85,24542000
HA,11/1/2020,13.91,22.440001,13.38,20.26,20.26,32606000
HA,12/1/2020,20.780001,21.959999,17.219999,17.700001,17.700001,34420300
HA,1/1/2021,17.709999,21.719999,16.84,19.57,19.57,19820200
HA,2/1/2021,19.73,28.52,19.309999,26.82,26.82,20939400
HA,3/1/2021,27.889999,29.860001,24.15,26.67,26.67,21618400
HA,4/1/2021,26.82,28.1,23.129999,25.110001,25.110001,14514500
HA,5/1/2021,25.18,27.24,22.809999,25.799999,25.799999,15527700
HA,6/1/2021,26.18,31.379999,24.27,24.370001,24.370001,32819300
HA,7/1/2021,24.709999,25.1,17.940001,19.73,19.73,27099600
HA,8/1/2021,19.93,20.879999,17.549999,20.219999,20.219999,20330700
HA,9/1/2021,20.18,23.25,18.98,21.66,21.66,19117400
HA,10/1/2021,22.360001,23.57,18.5,19.35,19.35,29981200
HA,11/1/2021,19.35,24.27,17.200001,18.280001,18.280001,20519400
HA,12/1/2021,18.77,21.15,17.01,18.370001,18.370001,20751100
HA,1/1/2022,18.6,20.77,14.97,17.1,17.1,21030400
HA,2/1/2022,17.34,21.27,16.91,19.18,19.18,19799600
HA,3/1/2022,19.01,19.959999,14.62,19.700001,19.700001,28406100
HA,4/1/2022,19.84,21.709999,16.370001,16.959999,16.959999,22780100
HA,5/1/2022,17.02,18.18,14.44,17.75,17.75,21202600
HA,6/1/2022,18.02,18.25,12.76,14.31,14.31,21737700
HA,7/1/2022,14.35,16.34,13.31,14.96,14.96,19113700
HA,8/1/2022,14.93,17.389999,14.54,14.99,14.99,12866000
HA,9/1/2022,14.81,16.32,13.08,13.15,13.15,15707100
HA,10/1/2022,13.22,16.15,12.86,14.43,14.43,21259800
HA,11/1/2022,14.73,15.74,13.26,13.9,13.9,13258800
HA,12/1/2022,13.91,14.3,9.64,10.26,10.26,20794500
HA,1/1/2023,10.43,13.42,9.83,12.32,12.32,20633500
HA,2/1/2023,11.45,11.85,9.86,11.2,11.2,30031700
HA,3/1/2023,11.22,11.41,7.44,9.16,9.16,39642600
HA,4/1/2023,9.07,9.15,7.69,8.33,8.33,20314400
HA,5/1/2023,8.25,8.64,7.34,8.01,8.01,22302100
HA,6/1/2023,8.04,10.9,7.83,10.77,10.77,30568600
MESA,7/1/2019,9.23,10.87,9.18,10.24,10.24,5252800
MESA,8/1/2019,10.21,10.35,5.35,6.46,6.46,11447800
MESA,9/1/2019,6.36,8.1,6.2,6.75,6.75,5966600
MESA,10/1/2019,6.78,7.97,5.96,7.62,7.62,5733600
MESA,11/1/2019,7.65,7.81,6.92,7.27,7.27,3776800
MESA,12/1/2019,7.31,9.65,6.95,8.94,8.94,12729900
MESA,1/1/2020,8.96,9.49,8.42,8.54,8.54,4625000
MESA,2/1/2020,8.6,8.72,5.66,5.77,5.77,5067300
MESA,3/1/2020,5.87,6.18,2.32,3.29,3.29,18729500
MESA,4/1/2020,3.02,4.65,2.05,4.55,4.55,21096800
MESA,5/1/2020,4.21,4.44,3,3.25,3.25,18869300
MESA,6/1/2020,3.26,5.21,3.08,3.44,3.44,38248300
MESA,7/1/2020,3.46,3.74,2.99,3.1,3.1,16912200
MESA,8/1/2020,3.06,4.07,2.95,3.66,3.66,13710700
MESA,9/1/2020,3.64,3.81,2.8,2.95,2.95,8546100
MESA,10/1/2020,2.95,3.99,2.81,3.16,3.16,13934500
MESA,11/1/2020,3.17,7,3.14,6.38,6.38,23337400
MESA,12/1/2020,6.7,7.99,6.13,6.69,6.69,24344900
MESA,1/1/2021,6.78,7.09,6.02,6.53,6.53,12291500
MESA,2/1/2021,6.65,13.79,6.4,12.2,12.2,33434400
MESA,3/1/2021,12.78,17.4,10.61,13.45,13.45,42457100
MESA,4/1/2021,13.34,14.59,10.58,11.26,11.26,13582400
MESA,5/1/2021,11.42,11.7,9.52,9.72,9.72,16530100
MESA,6/1/2021,9.94,10.15,8.96,9.33,9.33,26290900
MESA,7/1/2021,9.41,9.7,7.98,8.92,8.92,13298300
MESA,8/1/2021,8.9,9.37,7.14,7.98,7.98,12390500
MESA,9/1/2021,7.98,8.31,7.38,7.66,7.66,8287300
MESA,10/1/2021,7.83,8.25,7.32,7.54,7.54,7825400
MESA,11/1/2021,7.55,9.18,6.8,7.06,7.06,9489000
MESA,12/1/2021,7.33,7.47,5.16,5.6,5.6,20080900
MESA,1/1/2022,5.7,6.17,4.45,5,5,10210500
MESA,2/1/2022,5.05,5.36,4.15,4.35,4.35,11873700
MESA,3/1/2022,4.37,4.62,3.75,4.4,4.4,10594400
MESA,4/1/2022,4.46,4.49,3.35,3.4,3.4,10872300
MESA,5/1/2022,3.37,3.58,2.47,3.07,3.07,9057000
MESA,6/1/2022,3.1,3.43,2.1,2.19,2.19,13377600
MESA,7/1/2022,2.19,2.31,2,2.26,2.26,8431700
MESA,8/1/2022,2.22,3.2,2.16,2.43,2.43,8541900
MESA,9/1/2022,2.4,2.46,1.6,1.65,1.65,7354400
MESA,10/1/2022,1.65,2.08,1.25,1.48,1.48,10687800
MESA,11/1/2022,1.54,1.54,1.18,1.25,1.25,4667900
MESA,12/1/2022,1.29,1.74,1.03,1.53,1.53,10882700
MESA,1/1/2023,1.54,3.1,1.54,2.95,2.95,13576800
MESA,2/1/2023,2.95,3.56,2.85,3.03,3.03,8061800
MESA,3/1/2023,3.03,3.82,2.05,2.37,2.37,9025300
MESA,4/1/2023,2.41,2.44,1.98,2.11,2.11,3247900
MESA,5/1/2023,2.13,2.3,1.38,1.64,1.64,9338400
MESA,6/1/2023,1.64,2.67,1.6,2.55,2.55,7190000
ALK,7/1/2019,64.099998,65.910004,62.419998,63.360001,62.32589,24882200
ALK,8/1/2019,63.57,64.790001,57.119999,59.720001,58.7453,21807600
ALK,9/1/2019,59.43,66.519997,59.43,64.910004,64.222992,16695700
ALK,10/1/2019,65.449997,72,61.150002,69.43,68.695152,22210400
ALK,11/1/2019,69.889999,72.220001,67.940002,69.010002,68.279602,11588200
ALK,12/1/2019,69.169998,70.410004,66.290001,67.75,67.36795,20957100
ALK,1/1/2020,68.150002,68.790001,64.169998,64.589996,64.225769,28827800
ALK,2/1/2020,65.129997,66.959999,49.450001,50.459999,50.175453,27359800
ALK,3/1/2020,50.849998,51.299999,20.02,28.469999,28.469999,87640100
ALK,4/1/2020,26.92,34.720001,23.58,32.52,32.52,64896000
ALK,5/1/2020,31.41,39.470001,23.389999,34.189999,34.189999,68508900
ALK,6/1/2020,34.380001,50.810001,33,36.259998,36.259998,112056000
ALK,7/1/2020,37.18,38.939999,33.619999,34.439999,34.439999,48635900
ALK,8/1/2020,34.09,41.049999,33.220001,38.950001,38.950001,50290000
ALK,9/1/2020,38.099998,43.939999,34.830002,36.630001,36.630001,50018400
ALK,10/1/2020,37.09,41.73,35.060001,37.889999,37.889999,50167500
ALK,11/1/2020,38.220001,53.419998,36.82,50.970001,50.970001,47661900
ALK,12/1/2020,51.77,54.959999,48.27,52,52,38734000
ALK,1/1/2021,52.169998,56.18,48.09,48.830002,48.830002,38001200
ALK,2/1/2021,49.360001,68.989998,48.25,65.019997,65.019997,37451800
ALK,3/1/2021,67.080002,73.75,59.689999,69.209999,69.209999,41539600
ALK,4/1/2021,69.669998,74.25,64.809998,69.139999,69.139999,31734700
ALK,5/1/2021,69.459999,72.919998,63.639999,69.199997,69.199997,25147200
ALK,6/1/2021,69.93,70.900002,59.830002,60.310001,60.310001,42564600
ALK,7/1/2021,60.860001,61.75,51.75,58.029999,58.029999,43489500
ALK,8/1/2021,58.209999,59.73,52.880001,57.34,57.34,36427900
ALK,9/1/2021,57.779999,62.849998,55.43,58.599998,58.599998,36246900
ALK,10/1/2021,60.529999,63.759998,52.200001,52.799999,52.799999,38007500
ALK,11/1/2021,53.02,60.119999,47.380001,48.57,48.57,39279700
ALK,12/1/2021,49.959999,53.400002,46.259998,52.099998,52.099998,42863600
ALK,1/1/2022,52.860001,57.599998,48.73,54.740002,54.740002,40720000
ALK,2/1/2022,55.009998,61.07,51.619999,56.139999,56.139999,38327100
ALK,3/1/2022,55.349998,59.540001,43.459999,58.009998,58.009998,56271300
ALK,4/1/2022,58.360001,61.549999,51.91,54.389999,54.389999,42012400
ALK,5/1/2022,54.130001,54.450001,43.389999,48.259998,48.259998,38562300
ALK,6/1/2022,48.68,49.779999,38.189999,40.049999,40.049999,39476400
ALK,7/1/2022,40.25,44.509998,39.669998,44.330002,44.330002,33096300
ALK,8/1/2022,44.18,48.759998,43.509998,43.560001,43.560001,27568900
ALK,9/1/2022,43.18,47.41,38.439999,39.150002,39.150002,33742300
ALK,10/1/2022,39.349998,44.779999,38.720001,44.459999,44.459999,34899100
ALK,11/1/2022,45.049999,47.669998,42.34,47.439999,47.439999,24733400
ALK,12/1/2022,47.580002,47.990002,41.290001,42.939999,42.939999,29200000
ALK,1/1/2023,43.52,51.810001,41.77,51.34,51.34,30930900
ALK,2/1/2023,50.950001,53.959999,46.27,47.830002,47.830002,21463100
ALK,3/1/2023,47.73,49.75,37.200001,41.959999,41.959999,42847800
ALK,4/1/2023,42.259998,44.869999,41.25,43.459999,43.459999,38257000
ALK,5/1/2023,43.330002,45.990002,41.689999,44.93,44.93,30041400
ALK,6/1/2023,45.09,53.400002,44.360001,53.18,53.18,29602600
SNCY,4/1/2021,34.5,44.130001,33.060001,40.700001,40.700001,4148300
SNCY,5/1/2021,41,41.349998,33.990002,37.200001,37.200001,9654800
SNCY,6/1/2021,37.426998,42.470001,35.389999,37.009998,37.009998,17871400
SNCY,7/1/2021,37.23,38.540001,30,32.490002,32.490002,4556000
SNCY,8/1/2021,32.790001,36.34,29.09,32.389999,32.389999,4233700
SNCY,9/1/2021,32.700001,36.869999,29.83,33.540001,33.540001,7004500
SNCY,10/1/2021,34.080002,36.68,30.15,30.280001,30.280001,17133800
SNCY,11/1/2021,30.299999,33.310001,25.85,27.43,27.43,9504600
SNCY,12/1/2021,28.469999,29.040001,23.969999,27.25,27.25,11656800
SNCY,1/1/2022,27.59,29.219999,23.42,26.58,26.58,7394800
SNCY,2/1/2022,26.870001,30.610001,24.66,27.049999,27.049999,7890000
SNCY,3/1/2022,26.889999,27.32,20.549999,26.18,26.18,11607200
SNCY,4/1/2022,26.41,29.98,23.66,27.51,27.51,7006100
SNCY,5/1/2022,27.59,28.85,21.219999,23.65,23.65,8917800
SNCY,6/1/2022,24,24,17,18.34,18.34,17669300
SNCY,7/1/2022,18.190001,20.49,17.459999,20.17,20.17,15125300
SNCY,8/1/2022,20.08,21.190001,18,19.92,19.92,9516100
SNCY,9/1/2022,19.459999,21.129999,13.61,13.61,13.61,17778800
SNCY,10/1/2022,13.61,17.059999,13.25,16.280001,16.280001,8597800
SNCY,11/1/2022,16.83,23.549999,16.129999,20.200001,20.200001,7703200
SNCY,12/1/2022,20.190001,20.74,15.025,15.86,15.86,15650700
SNCY,1/1/2023,16.110001,19.190001,15.63,18.67,18.67,4553900
SNCY,2/1/2023,18.6,22.1,18.25,20.049999,20.049999,10258600
SNCY,3/1/2023,20.07,23,17.67,20.5,20.5,9521800
SNCY,4/1/2023,20.5,20.5,18.1,19.73,19.73,3690200
SNCY,5/1/2023,19.59,19.59,16.799999,18.799999,18.799999,6940100
SNCY,6/1/2023,18.83,22.709999,18.75,22.48,22.48,22262800
ALGT,7/1/2019,145.100006,157.5,140.289993,149.850006,146.898682,3788800
ALGT,8/1/2019,149.740005,151.869995,136.869995,141.990005,139.193466,4369200
ALGT,9/1/2019,141.970001,154.169998,139.990005,149.660004,146.712402,3663900
ALGT,10/1/2019,150.419998,173,143.610001,167.330002,164.792206,3734000
ALGT,11/1/2019,167.5,174.919998,165.770004,169.729996,167.155792,2883200
ALGT,12/1/2019,169.050003,183.259995,163.639999,174.039993,172.113785,2572700
ALGT,1/1/2020,175.139999,180.199997,162.520004,168.039993,166.180191,3767600
ALGT,2/1/2020,167.080002,174.5,126.230003,135.539993,134.039886,3890300
ALGT,3/1/2020,138.919998,141.949997,60.060001,81.800003,81.329391,8392000
ALGT,4/1/2020,77.669998,88.980003,63.950001,78.480003,78.028496,5701400
ALGT,5/1/2020,75.709999,116.300003,63.5,106.550003,105.937004,8949700
ALGT,6/1/2020,108.129997,139.679993,99.269997,109.209999,108.581696,8323000
ALGT,7/1/2020,111.860001,119.739998,100.099998,112.029999,111.385475,4194900
ALGT,8/1/2020,111.419998,135.649994,108.660004,128.600006,127.860153,4269800
ALGT,9/1/2020,126.669998,144.869995,119.699997,119.800003,119.110771,4289300
ALGT,10/1/2020,122.019997,142.479996,112.709999,134.759995,133.984695,4549400
ALGT,11/1/2020,136.910004,178.899994,129.369995,170.190002,169.210876,3106400
ALGT,12/1/2020,173.729996,190.509995,169.320007,189.240005,188.151276,4058600
ALGT,1/1/2021,188.770004,197.130005,172.910004,181.490005,180.445862,2218800
ALGT,2/1/2021,183.210007,260,178.690002,252.190002,250.73912,2827400
ALGT,3/1/2021,257.48999,271.290009,229.279999,244.059998,242.655884,4435400
ALGT,4/1/2021,245.539993,255.759995,227.919998,235.729996,234.37381,2086200
ALGT,5/1/2021,238.210007,244.419998,211.479996,221.460007,220.185913,5255300
ALGT,6/1/2021,225.350006,230.649994,187.089996,194,192.883881,5378800
ALGT,7/1/2021,194.970001,201.270004,171.529999,190.119995,189.026199,3888700
ALGT,8/1/2021,191.399994,198.789993,172.149994,192.440002,191.33287,2957000
ALGT,9/1/2021,194.130005,215.479996,186.240005,195.479996,194.355362,3243500
ALGT,10/1/2021,198.509995,206.399994,171.380005,175.270004,174.261642,2954500
ALGT,11/1/2021,175.380005,197.550003,169.110001,173.220001,172.223434,3106700
ALGT,12/1/2021,178.110001,196.669998,163.600006,187.039993,185.963928,4922900
ALGT,1/1/2022,188.380005,195.660004,164.029999,178.660004,177.632141,4151000
ALGT,2/1/2022,178.630005,186.860001,155.339996,174.089996,173.088425,4285400
ALGT,3/1/2022,171.449997,173,132.029999,162.389999,161.45575,5676800
ALGT,4/1/2022,162.869995,176.559998,145.300003,155.190002,154.297165,4609900
ALGT,5/1/2022,154.070007,157.910004,131.130005,149.449997,148.590195,5937900
ALGT,6/1/2022,151.419998,151.979996,109.82,113.089996,112.439369,5150100
ALGT,7/1/2022,112.889999,122.360001,108.989998,115.309998,114.646599,3427200
ALGT,8/1/2022,115.199997,118.349998,96,96.5,95.944817,5504400
ALGT,9/1/2022,96.029999,102.489998,72.970001,72.980003,72.560135,5733600
ALGT,10/1/2022,72.620003,80.919998,63.779999,75.050003,74.618225,6190300
ALGT,11/1/2022,76.050003,83.559998,69.07,82.610001,82.134735,4839600
ALGT,12/1/2022,83.540001,84.889999,62.939999,67.989998,67.598839,5113600
ALGT,1/1/2023,69.370003,86.839996,68.309998,86.029999,85.535057,3792700
ALGT,2/1/2023,85.120003,104.209999,81.779999,102.550003,101.960014,4548600
ALGT,3/1/2023,102.650002,105.510002,78.360001,91.980003,91.450829,4896800
ALGT,4/1/2023,91.269997,104.839996,86.910004,103.910004,103.312195,3182100
ALGT,5/1/2023,99.650002,114.349998,95.660004,97.489998,96.929123,4373000
ALGT,6/1/2023,97.910004,129,96.160004,126.279999,125.55349,4854400
ATSG,7/1/2019,24.6,24.620001,22.610001,23.309999,23.309999,4995500
ATSG,8/1/2019,23.27,23.27,19.01,20.200001,20.200001,8595600
ATSG,9/1/2019,20.030001,23.120001,19.74,21.02,21.02,6336100
ATSG,10/1/2019,21.049999,21.98,19.02,20.91,20.91,6146800
ATSG,11/1/2019,20.950001,25.6,20.719999,24.610001,24.610001,9215200
ATSG,12/1/2019,24.700001,24.809999,22.34,23.459999,23.459999,6185800
ATSG,1/1/2020,23.639999,24.09,20.5,20.969999,20.969999,6939900
ATSG,2/1/2020,21.030001,22.58,16.41,17.9,17.9,8014400
ATSG,3/1/2020,18.030001,20.32,13.2,18.280001,18.280001,20847500
ATSG,4/1/2020,17.639999,20.92,16.98,20.24,20.24,11692500
ATSG,5/1/2020,20.18,22.450001,18.99,21.540001,21.540001,11078600
ATSG,6/1/2020,21.5,24.120001,20.33,22.27,22.27,13456500
ATSG,7/1/2020,22.450001,24.98,21.860001,24.370001,24.370001,9468100
ATSG,8/1/2020,24.530001,28.709999,24.41,25.42,25.42,9937300
ATSG,9/1/2020,25.280001,25.889999,23.84,25.059999,25.059999,8684900
ATSG,10/1/2020,25.1,30.08,24.620001,28.040001,28.040001,12136700
ATSG,11/1/2020,28.299999,31.700001,26.860001,30.74,30.74,9238300
ATSG,12/1/2020,31.110001,31.889999,28.82,31.34,31.34,6636500
ATSG,1/1/2021,31.59,32.43,25.15,25.41,25.41,10791200
ATSG,2/1/2021,25.469999,29.879999,25.389999,26.540001,26.540001,7017100
ATSG,3/1/2021,26.639999,31.48,26.610001,29.26,29.26,12868600
ATSG,4/1/2021,29.309999,30.799999,26.24,26.32,26.32,7321300
ATSG,5/1/2021,26.540001,27.66,23.82,24.84,24.84,7910300
ATSG,6/1/2021,24.9,25.75,22.52,23.23,23.23,17190600
ATSG,7/1/2021,23.370001,24.43,21.42,24.200001,24.200001,7928600
ATSG,8/1/2021,24.25,27.92,23.92,27.389999,27.389999,11033300
ATSG,9/1/2021,27.27,27.66,24.559999,25.809999,25.809999,16179800
ATSG,10/1/2021,25.99,26.5,23.68,24.889999,24.889999,5718100
ATSG,11/1/2021,24.969999,28.879999,24.65,24.690001,24.690001,7671600
ATSG,12/1/2021,25.4,29.68,25.030001,29.379999,29.379999,6753800
ATSG,1/1/2022,29.450001,29.82,25.25,26.85,26.85,6120900
ATSG,2/1/2022,27.01,32.73,25.700001,31.51,31.51,7427300
ATSG,3/1/2022,31.43,34.540001,30.4,33.450001,33.450001,14181300
ATSG,4/1/2022,33.599998,33.75,27.969999,31.299999,31.299999,9108300
ATSG,5/1/2022,31.559999,32.099998,28.23,30.219999,30.219999,8667400
ATSG,6/1/2022,30.43,32.869999,28.370001,28.73,28.73,12575200
ATSG,7/1/2022,28.58,31.48,27.110001,31.34,31.34,4434300
ATSG,8/1/2022,31.34,34,30.02,30.129999,30.129999,6547700
ATSG,9/1/2022,29.9,30.48,23.32,24.09,24.09,8507200
ATSG,10/1/2022,24.5,29.549999,24.219999,29.200001,29.200001,8467000
ATSG,11/1/2022,29.389999,29.530001,26.93,28.040001,28.040001,6333900
ATSG,12/1/2022,28.25,28.98,24.76,25.98,25.98,10299000
ATSG,1/1/2023,26.219999,28.370001,25.51,28.309999,28.309999,5601900
ATSG,2/1/2023,28.299999,28.700001,19.879999,20.93,20.93,12482500
ATSG,3/1/2023,20.84,23.26,19.57,20.83,20.83,11153400
ATSG,4/1/2023,20.93,21.209999,19.07,20.309999,20.309999,7143800
ATSG,5/1/2023,20.41,20.92,14.39,16.700001,16.700001,19910600
ATSG,6/1/2023,16.74,19.620001,16.709999,18.870001,18.870001,16988000
UP,12/1/2020,100.419998,102.599998,97.699997,99.699997,99.699997,132780
UP,1/1/2021,100.099998,111.199997,100,105.300003,105.300003,383070
UP,2/1/2021,113.199997,117.5,104,109.300003,109.300003,3278700
UP,3/1/2021,111,113.18,98.599998,100.099998,100.099998,1725410
UP,4/1/2021,103.199997,104.400002,98.599998,99.900002,99.900002,801660
UP,5/1/2021,100.099998,101,98.599998,99.900002,99.900002,1056990
UP,6/1/2021,99.900002,101.699997,99.199997,99.800003,99.800003,586860
UP,7/1/2021,100.099998,150,71,80,80,4065390
UP,8/1/2021,79.599998,90.5,64.300003,65.900002,65.900002,5060230
UP,9/1/2021,66.5,84.5,65.5,65.900002,65.900002,5481730
UP,10/1/2021,69.900002,77.800003,67.800003,70.099998,70.099998,2384590
UP,11/1/2021,70.400002,81,43.5,46.400002,46.400002,6427070
UP,12/1/2021,47,47.599998,40.34,46.400002,46.400002,6318950
UP,1/1/2022,47.200001,47.450001,32.200001,38.200001,38.200001,4707760
UP,2/1/2022,38.299999,41,30.299999,35.099998,35.099998,4950610
UP,3/1/2022,34.5,35.849998,29.5,31.1,31.1,5918980
UP,4/1/2022,31.4,34.099998,28,30.5,30.5,3296930
UP,5/1/2022,30.4,32.599998,20.85,25.299999,25.299999,4242210
UP,6/1/2022,25.6,28.5,18.1,19.5,19.5,7597930
UP,7/1/2022,19.799999,23.1,18.549999,22.4,22.4,3285320
UP,8/1/2022,22.1,28.799999,17.9,18.700001,18.700001,2992000
UP,9/1/2022,18.4,18.9,11.3,11.5,11.5,3310650
UP,10/1/2022,12.8,18,9.9,17.700001,17.700001,3911100
UP,11/1/2022,18.1,18.4,12.1,12.8,12.8,2296920
UP,12/1/2022,13,13.5,9.8,10.3,10.3,4287460
UP,1/1/2023,10.5,15.7,10.1,12.3,12.3,3240610
UP,2/1/2023,12.3,14.6,11,11.1,11.1,2010490
UP,3/1/2023,11.1,12.1,6.31,6.33,6.33,3496960
UP,4/1/2023,6.69,6.69,3.74,4.63,4.63,4520410
UP,5/1/2023,4.36,5.3,2.45,2.89,2.89,4974310
UP,6/1/2023,2.9,4.13,0.98,1.17,1.17,24375140
SKYW,7/1/2019,61.049999,63.400002,59.57,60.709999,60.162037,4176500
SKYW,8/1/2019,63.330002,63.330002,53.5,57.259998,56.743172,3954700
SKYW,9/1/2019,56.860001,62.43,55.580002,57.400002,56.881912,4625200
SKYW,10/1/2019,57.599998,60.68,54.290001,59.549999,59.133579,4053300
SKYW,11/1/2019,59.900002,64.599998,58.919998,62.639999,62.201969,3788200
SKYW,12/1/2019,62.950001,66.040001,60.669998,64.629997,64.178055,5777300
SKYW,1/1/2020,65.150002,66.519997,54.700001,55.169998,54.885719,5542600
SKYW,2/1/2020,55.5,60.23,43.529999,45.400002,45.166065,8469100
SKYW,3/1/2020,45.52,45.900002,10.58,26.190001,26.05505,25492400
SKYW,4/1/2020,24.75,32.779999,19.110001,30.950001,30.950001,14922800
SKYW,5/1/2020,29.49,34.540001,21.139999,32.07,32.07,16158600
SKYW,6/1/2020,32.389999,47.25,28.07,32.619999,32.619999,18324800
SKYW,7/1/2020,33.09,34.119999,25,26.309999,26.309999,10062700
SKYW,8/1/2020,26.360001,35.360001,26.1,33.650002,33.650002,9083400
SKYW,9/1/2020,33.060001,36.43,28.290001,29.860001,29.860001,10478100
SKYW,10/1/2020,30.120001,34.09,27.440001,29.030001,29.030001,8488500
SKYW,11/1/2020,29.32,44.27,28.190001,42.93,42.93,10810600
SKYW,12/1/2020,44.060001,46.799999,38.259998,40.310001,40.310001,9011900
SKYW,1/1/2021,40.110001,44.650002,37.34,38.990002,38.990002,6193000
SKYW,2/1/2021,39.68,60.790001,38.720001,56.369999,56.369999,8465100
SKYW,3/1/2021,58.48,61.16,50.389999,54.48,54.48,9336900
SKYW,4/1/2021,55.009998,56.650002,47.599998,49.66,49.66,5170600
SKYW,5/1/2021,49.93,50.689999,46.040001,49.029999,49.029999,6318400
SKYW,6/1/2021,49.77,51.540001,42.580002,43.07,43.07,7712800
SKYW,7/1/2021,43.48,45,36.349998,40.490002,40.490002,7711200
SKYW,8/1/2021,41.02,48.93,38.5,46.650002,46.650002,11007900
SKYW,9/1/2021,46.310001,52.549999,43.099998,49.34,49.34,6617300
SKYW,10/1/2021,50.459999,53.049999,42.360001,43.029999,43.029999,4986400
SKYW,11/1/2021,43.27,51.880001,38.240002,39.169998,39.169998,6621500
SKYW,12/1/2021,40.610001,43.669998,36.349998,39.299999,39.299999,8210200
SKYW,1/1/2022,39.759998,42.970001,35.32,38.150002,38.150002,6487500
SKYW,2/1/2022,38.279999,39.75,26.08,28.110001,28.110001,15210100
SKYW,3/1/2022,27.790001,30.59,22.780001,28.85,28.85,20265800
SKYW,4/1/2022,28.91,33.349998,27.209999,29.15,29.15,11912900
SKYW,5/1/2022,29.1,29.690001,23.389999,26.959999,26.959999,11210400
SKYW,6/1/2022,27.370001,27.540001,20.059999,21.25,21.25,10149100
SKYW,7/1/2022,21.35,24.9,20.51,24.15,24.15,7139700
SKYW,8/1/2022,23.889999,25.49,20.92,21.290001,21.290001,10553700
SKYW,9/1/2022,21.09,21.610001,15.83,16.26,16.26,17996600
SKYW,10/1/2022,16.389999,19.24,16.030001,17.68,17.68,10673500
SKYW,11/1/2022,17.969999,18.559999,16.6,18.450001,18.450001,9058500
SKYW,12/1/2022,18.59,19.219999,14.76,16.51,16.51,14121500
SKYW,1/1/2023,16.790001,20.809999,16.15,20.76,20.76,7400700
SKYW,2/1/2023,20.639999,22.18,16.59,19.07,19.07,14315600
SKYW,3/1/2023,19,22.360001,17.84,22.17,22.17,19941100
SKYW,4/1/2023,22,29.309999,21.5,28.299999,28.299999,9845300
SKYW,5/1/2023,28.219999,31.01,25.790001,29.91,29.91,12187000
SKYW,6/1/2023,29.82,41.150002,29.629999,40.720001,40.720001,19823000
